baseMean	log2FoldChange	lfcSE	stat	pvalue	padj
mmu-miR-7b-5p	87.5453064177476	1.55169839266436	0.311134201204043	4.98723183327169	6.12505502966294e-07	0.000720918976991328
