baseMean	log2FoldChange	lfcSE	stat	pvalue	padj
mmu-miR-7a-5p	215.821413843299	0.886445359681914	0.185385210356171	4.78164012101523	1.73870743743775e-06	0.00212643919598636
mmu-miR-671-5p	112.835699138945	-0.918363749748729	0.230381331972475	-3.98627676073359	6.7118217764152e-05	0.0410427901627789
